Fund Name,P1,P2,P3,P4,P5,Topsis Score,Rank
M1,0.88,0.77,4.5,30.0,9.04,0.46524523208339746,6
M2,0.89,0.79,4.6,36.8,10.77,0.556045138405736,3
M3,0.81,0.66,4.9,32.0,9.59,0.38743413563142265,7
M4,0.95,0.9,3.5,36.8,10.54,0.6496095510230869,2
M5,0.81,0.66,6.7,40.2,12.09,0.3772849670629165,8
M6,0.92,0.85,5.8,47.4,13.74,0.6500472165988977,1
M7,0.67,0.45,3.5,45.4,12.51,0.5177505744226616,4
M8,0.77,0.59,6.9,51.9,15.04,0.48820266988070116,5
