Fund Name,P1,P2,P3,P4,P5,Topsis Score,Rank
M1,0.88,0.77,4.5,30.0,9.04,0.37812249526394576,6
M2,0.89,0.79,4.6,36.8,10.77,0.4690413634514516,4
M3,0.81,0.66,4.9,32.0,9.59,0.33627569183501327,7
M4,0.95,0.9,3.5,36.8,10.54,0.46643808555115873,5
M5,0.81,0.66,6.7,40.2,12.09,0.596302867680592,3
M6,0.92,0.85,5.8,47.4,13.74,0.7787791855172808,1
M7,0.67,0.45,3.5,45.4,12.51,0.32399254834158897,8
M8,0.77,0.59,6.9,51.9,15.04,0.6787446746980809,2
